マイルストーン	実装ポイント	このMSで満たすこと	MVP必須	リリース必須	改善	MVP必須の条件ID	完了とみなす条件	実装状況	完了日
#		マイルストーンは実装の順序です。M1から順に潰してください。MVP必須がすべて合格した時点でリリース判断が可能になります。							
M1	配布物とアップロードの入口	テンプレートを配り、壊れたファイルを入口で止める	9	10	1	AC-078 AC-011 AC-012 AC-016 AC-001 AC-002 AC-101 AC-103 AC-112	MVP必須6件が合格。テンプレートが配れて、壊れたファイルが確認画面に進まず、**実運用の規模が分割せず入る**		
M2	プレビューと判定	取り込む前に何が起きるかを見せ、誤りをCSVで返す	12	5	3	AC-035 AC-023 AC-024 AC-025 AC-021 AC-022 AC-015 AC-091 AC-093 AC-094 AC-105 AC-106	MVP必須10件が合格。取り込む前に件数と誤りが見え、エラー行をCSVで返せる		
M3	実行と完了	安全に流し、失敗しても回収できる	7	5	3	AC-077 AC-044 AC-043 AC-032 AC-042 AC-108 AC-109	MVP必須5件が合格。二重登録されず、失敗行がDBに残らずCSVで回収でき、**①〜⑤を通しで完了して打刻を始められる状態になる**		
M4	書き込みの正しさ	DBに入る値が仕様どおりであること	3	2	1	AC-053 AC-051 AC-052	MVP必須3件が合格。テンプレートの全列がDBに入り、昇格で勤務店舗が消えない		
M5	運用更新と再取り込み	既存データを壊さずに更新できる	5	3	0	AC-061 AC-063 AC-074 AC-075 AC-065	MVP必須5件が合格。既存を壊さずに更新でき、中断から正しく復元できる		
M6	権限と手入力との分担	境界を守り、できないことの受け皿を残す	6	5	1	AC-060 AC-072 AC-073 AC-057 AC-059 AC-107	MVP必須5件が合格。店長が全社マスタを触れず、削除・編集の出口が塞がっていない		
—	対象外・検証の前提	実装対象ではない	0	0	0	—	実装対象外		
合計	—	—	42	30	9	—	**MVP必須42件すべてが合格した時点でリリース判断が可能**		
